noaa,icao
700001,PATO
700197,PASK
700260,PABR
700300,PAWI
700632,PABL
700634,PAKU
700635,PAGB
700637,PASC
700638,PAKF
700860,PABA
701040,PALU
701043,PAPO
701045,PADG
701170,PATC
701190,PAPC
701195,PASH
701196,PAIK
701210,PPIZ
701330,PAOT
701333,PADE
701335,PAWN
701337,PAIW
701338,PAVA
701486,PAVL
701625,PAKP
701718,PAFM
701719,PAGH
701730,PAIM
701740,PABT
701745,PALR
701748,PAPR
701780,PATA
701940,PFYU
701945,PARC
701975,PAEG
701995,PAGL
702000,PAOM
702004,PAWM
702005,PASM
702006,PAKV
702035,PASA
702040,PAGM
702070,PAUN
702075,PANV
702084,PAEM
702120,PACZ
702185,PAMY
702186,PAHP
702190,PABE
702195,PANA
702220,PAGA
702223,PAKK
702310,PAMC
702315,PATL
702320,PANI
702325,PAWS
702350,PASV
702460,PAMH
702490,PAPT
702510,PATK
702590,PAEN
702595,PASX
702600,PANN
702606,PAEC
702607,PAOH
702610,PAFA
702615,PAFB
702625,PAFS
702626,PAPN
702627,PARY
702628,PADM
702645,PAIN
702650,PAEI
702670,PABI
702685,PATQ
702686,PAKI
702697,PANW
702700,PAFR
702710,PAGK
702715,PAZK
702720,PAED
702725,PALH
702730,PANC
702735,PAMR
702740,PAAQ
702746,PABV
702756,PAVD
702757,PAWR
702758,PALP
702770,PAWD
702910,PAOR
702960,PACV
702986,PALV
703050,PAEH
703051,PAHC
703052,PALG
703053,PARS
703054,PACM
703055,PAMB
703056,PAMO
703057,PAOO
703058,PAOU
703061,PAIG
703080,PASN
703160,PACD
703165,PASD
703210,PADL
703260,PAKN
703330,PAPH
703333,PAJC
703334,PAII
703335,PFWS
703400,PAIL
703406,PALJ
703407,PASL
703410,PAHO
703430,PAMD
703500,PADQ
703605,PAPM
703606,PATG
703609,PACX
703610,PAYA
703620,PAGY
703621,PASO
703626,PAHN
703644,PAQT
703655,PAHL
703656,PAQH
703670,PAGS
703710,PASI
703810,PAJN
703817,PAEL
703830,PAGN
703835,PAPB
703855,PAFE
703860,PAPG
703870,PAWG
703884,PAHY
703888,PFSH
703891,PFEL
703894,PAKW
703925,PAJZ
703926,PAKH
703950,PAKT
703985,PAMM
704140,PASY
704540,PADK
704890,PADU
704898,PFNO
720382,PAMK
749230,PATE
A00032,PAAK
720265,KALX
720307,KMDQ
720361,K0J4
720362,KPRN
720363,KEUF
720376,K8A0
720381,KJKA
720413,K1M4
720504,KASN
720505,KJFX
720507,KEKY
720508,KSCD
720592,KCQF
720856,K4A6
720912,KVOA
722031,K3A1
722219,KSXS
722230,KMOB
722235,KBFM
722238,KHEY
722239,KLOR
722260,KMGM
722265,KMXF
722266,KSEM
722267,KTOI
722268,KDHN
722269,KOZR
722275,K79J
722276,KGZH
722279,KDCU
722280,KBHM
722284,KAUO
722285,KGAD
722286,KTCL
722287,KANB
722300,KEET
723230,KHSV
723231,KHUA
723235,KMSL
A00013,K4A9
A51255,KDYA
720172,KMEZ
720175,KLLQ
720377,KM19
720394,KADF
720401,KCCA
720827,K4M3
722054,KAWM
722188,KSRC
723400,KLZK
723403,KLIT
723405,KLRF
723406,KARG
723407,KJBR
723408,KBYH
723409,KHKA
723415,KHOT
723416,KSGT
723417,KPBF
723418,KTXK
723419,KELD
723425,KCDH
723429,KRUE
723434,KASG
723435,KMWT
723436,KXNA
723439,KBPK
723440,KFSM
723443,KSLG
723444,KVBT
723445,KFYV
723447,KFLP
723448,KBVX
723449,KROG
723450,KHRO
743312,KDEQ
720339,KRYN
720635,KCMR
720644,KBXK
722720,KDUG
722728,KOLS
722730,KFHU
722740,KTUS
722745,KDMA
722747,KSAD
722748,KCGZ
722749,KCHD
722764,KRQE
722780,KPHX
722783,KFFZ
722784,KDVT
722785,KLUF
722786,KIWA
722787,KGEU
722788,KGYR
722789,KSDL
722813,KALK
723700,KIGM
723710,KPGA
723723,KPRC
723740,KINW
723745,KPAN
723747,KSOW
723750,KFLG
723754,KSJN
723756,KSEZ
723783,KGCN
723788,KIFP
740035,KNYL
747240,KGBN
749167,KMZJ
749173,KP08
A00015,KAZC
690150,KNXP
720193,KO54
720267,KAUN
720329,KCCB
720333,KAJO
720406,KDVO
720576,KEDU
720614,KLHM
720615,KO22
720645,KPVF
720646,KHAF
720652,KBAN
720681,KCPU
720687,KHMT
720696,KO26
720952,KGXA
722810,KNJK
722860,KRIV
722866,KSBD
722868,KPSP
722869,KRAL
722874,KCQT
722880,KBUR
722885,KSMO
722886,KVNY
722887,KPOC
722890,KMWS
722895,KLPC
722897,KSBP
722899,KCNO
722900,KSAN
722903,KMYF
722904,KSDM
722906,KNZY
722907,KSEE
722909,KNRS
722910,KNSI
722920,KAVX
722925,KNUC
722926,KNFG
722927,KCRQ
722928,KNXF
722931,KNKX
722934,KOKB
722950,KLAX
722953,KMHV
722955,KTOA
722956,KHHR
722970,KLGB
722975,KSLI
722976,KFUL
722977,KSNA
723171,K9L2
723762,KIZA
723805,KEED
723810,KEDW
723815,KDAG
723816,KWJF
723820,KPMD
723825,KVCV
723830,KSDB
723840,KBFL
723890,KFAT
723894,KMMH
723895,KPTV
723896,KVIS
723897,KFCH
723898,KHJO
723910,KNTD
723925,KSBA
723926,KCMA
723927,KOXR
723930,KVBG
723940,KSMX
723965,KPRB
724800,KBIH
724810,KMER
724815,KMCE
724828,KVCB
724830,KSAC
724833,KMHR
724836,KMCC
724837,KBAB
724838,KMYV
724839,KSMF
724915,KMRY
724916,KOAR
724920,KSCK
724926,KMOD
724927,KLVK
724930,KOAK
724937,KPAO
724938,KSQL
724940,KSFO
724945,KSJC
724946,KRHV
724950,KCCR
724955,KAPC
724957,KSTS
724973,KCIC
725837,KSVE
725845,KBLU
725846,KTRK
725847,KTVL
725850,KHWD
725905,KUKI
725910,KRBL
725920,KRDD
725930,KSNS
725940,KEKA
725945,KACV
725946,KCEC
725955,KSIY
725957,KMHS
725958,KAAT
745046,KMAE
745048,KOVE
745056,KRNM
745057,KWHP
745058,KWVI
745090,KNUQ
745160,KSUU
746110,KBYS
746120,KNID
747020,KNLC
747040,KONT
747043,KEMT
747185,KIPL
747186,KCZZ
747187,KTRM
747188,KBLH
749171,KTSP
749179,KCVH
749484,KE16
749485,KFOT
749486,KGOO
999999,KSBD
A06854,KL35
A07049,KO69
A07053,KO86
720385,K0CO
720528,KAEJ
720529,KAIB
720531,KAJZ
720532,KANK
720533,KBDU
720534,KEIK
720535,KFMM
720536,KGNB
720537,KHEQ
720538,KLMO
720539,KPSO
720544,KSTK
720641,KSHM
720642,KCWN
720844,K4V1
720852,KFLY
720987,K1JW
720989,K1LW
720991,K1MW
720992,K1NW
720993,K1OW
722061,KCCU
722101,KCPW
722155,KMNH
722203,KMYP
722333,K04V
722817,KABH
724620,KALS
724625,KDRO
724627,KTEX
724635,KLHX
724636,KLAA
724640,KPUB
724645,KTAD
724646,KSPD
724660,KCOS
724665,KLIC
724666,KAPA
724673,KLXV
724674,KEEO
724675,KEGE
724676,KASE
724677,KGUC
724678,KSBS
724680,KFCS
724689,KITR
724694,KFTG
724695,KBKF
724698,KAKO
724699,KBJC
724760,KGJT
724765,KMTJ
724767,KCEZ
724768,KGXY
724769,KFNL
725650,KDEN
725700,KCAG
725710,KHDN
725717,KRIL
726391,K7BM
726392,K5SM
726396,K4BM
740002,KVTP
745310,KAFF
A00005,K20V
720545,KSNC
725027,KMMK
725029,KOXC
725040,KBDR
725045,KHVN
725046,KGON
725080,KBDL
725084,KIJD
725086,KDXR
725087,KHFD
724088,KDOV
724093,KGED
724180,KILG
720373,KPCM
720374,KTPF
720383,KNDZ
720655,KCGC
720672,KFIN
720735,KECP
720904,KDED
720946,KFHB
720964,KTDR
721041,KMKY
721042,KZPH
722010,KEYW
722011,KISM
722012,KVVG
722014,KBKV
722015,KNQX
722016,KMTH
722020,KMIA
722021,KVDF
722022,KBCT
722024,KOPF
722026,KHST
722029,KTMB
722030,KPBI
722034,KPGD
722037,KHWO
722038,KAPF
722039,KFXE
722040,KMLB
722046,KTIX
722049,KPMP
722050,KMCO
722053,KORL
722055,KOCF
722057,KSFB
722060,KJAX
722065,KNIP
722066,KNRB
722067,KVQQ
722069,KDTS
722103,KFPR
722104,KSPG
722106,KFMY
722108,KRSW
722110,KTPA
722115,KSRQ
722116,KPIE
722118,KVNC
722119,KLAL
722120,KCTY
722123,KBOW
722140,KTLH
722189,KSUA
722200,KAAF
722210,KVPS
722212,KSGJ
722213,KLEE
722215,KCEW
722223,KPNS
722225,KNPA
722226,KNSE
722246,KEGI
722261,KOBE
722341,KOMN
722361,KEVB
724737,KINF
747560,KGNV
747750,KPAM
747760,KMAI
747770,KHRT
747820,KCRG
747830,KFLL
747870,KDAB
747880,KMCF
747930,KVRB
747931,KGIF
747940,KXMR
747946,KTTS
747950,KCOF
747960,KAGR
749045,KSEF
749048,K42J
999999,KBCR
A00009,K40J
A00023,KNEN
A00024,KNFJ
720257,KBIJ
720263,K27A
720268,KBGE
720289,KHQU
720294,KIIY
720301,KJYL
720347,K3J7
720348,KMLJ
720392,KHOE
720409,KDZJ
720671,KJES
720674,KCTJ
720712,KTMA
720714,KPUJ
720738,KTVI
720897,KD73
720948,KACJ
720951,KSBO
720962,KEZM
720966,K6A2
721033,KFZG
721035,KAZE
722062,KDQH
722070,KSAV
722090,KLHW
722109,KCNI
722130,KAYS
722134,KVDI
722136,KBQK
722137,KSSI
722147,KMGR
722154,KDNN
722156,KVPC
722160,KABY
722166,KVLD
722170,KMCN
722175,KWRB
722176,KCCO
722180,KAGS
722181,KDNL
722185,KGVL
722190,KATL
722195,KFTY
722196,KPDK
722197,KFFC
722217,KDBN
722250,KLSF
722255,KCSG
722270,KMGE
722691,KCWV
723110,KAHN
723160,KAMG
723200,KRMG
725258,KTOC
747804,KSVN
747805,KTBR
747806,KOPN
747807,KLGC
747808,KLZU
747809,KWDR
747810,KVAD
747812,KRYY
749483,K19A
911620,PHBK
911650,PHLI
911700,PHHI
911760,PHNG
911780,PHJR
911820,PHNL
911860,PHMK
911900,PHOG
911904,PHJH
911905,PHNY
911907,PHHN
911975,PHKO
911977,PHSF
912850,PHTO
720293,KIIB
720309,KMPZ
720312,KPEA
720326,KVTI
720344,KCKP
720351,KOOA
720412,KPRO
720643,KFXY
720701,KI75
722097,KHNR
722274,KTVK
722331,KIFA
725292,KGGI
725420,KBRL
725450,KCID
725453,KAIO
725454,KAWG
725456,KEOK
725457,KAXA
725458,KCAV
725460,KDSM
725461,KMIW
725462,KIOW
725463,KCCY
725464,KTNU
725465,KOTM
725466,KIKV
725467,KSDA
725468,KCIN
725469,KCNC
725470,KDBQ
725472,KAMW
725473,KCWI
725474,KCSQ
725475,KMXO
725476,KDEH
725477,KDNS
725478,KEBS
725479,KICL
725480,KALO
725483,KFSW
725484,KLRJ
725485,KMCW
725486,KBNW
725487,KMUT
725488,KOLZ
725489,KORC
725490,KFOD
725493,KOXV
725494,KRDK
725495,KSHL
725496,KSLB
725497,KCBF
725498,KADU
725499,KLWD
725570,KSUX
726498,KFFL
726499,KEST
726500,KSPW
744550,KDVN
720322,KSZT
720369,KDIJ
720734,KMAN
720923,K65S
722142,KLLJ
725780,KPIH
725784,KP69
725785,KIDA
725786,KMLD
725864,KMYL
725865,KSUN
725866,KTWF
725867,KBYI
726810,KBOI
726813,KEUL
726815,KMUO
726816,KJER
726817,KMLP
726818,KRXE
726824,KSNT
726865,KSMN
726873,KGIC
727830,KLWS
727834,KCOE
720137,KC09
720170,KM30
720319,KRSV
720330,KAJG
722074,KCUL
722075,KDKB
722076,KDNV
722082,KFEP
722089,KGBG
722126,KIGQ
722127,KIKK
722149,KVYS
722157,KMQB
722171,KPNT
722172,KPRG
722182,KRPJ
722194,KTIP
722204,KSFY
722972,K3LF
724330,KSLO
724335,KMVN
724336,KMDH
724338,KBLV
724339,KMWA
724390,KSPI
724395,KALN
724397,KBMI
724430,KUIN
724975,KCIR
725300,KORD
725305,KDPA
725306,KNBU
725314,KCPS
725315,KCMI
725316,KDEC
725317,KMTO
725320,KPIA
725326,KSQI
725340,KMDW
725342,KLWV
725345,KJOT
725347,KUGN
725348,KLOT
725430,KRFD
725440,KMLI
744652,KHSB
744653,KSAR
744655,KARR
744656,KFWC
744657,KENL
744658,KFOA
744659,KOLY
744662,KTAZ
744663,KPPQ
744665,KPWK
744666,KIJX
744672,KAAA
A00017,KC75
720266,KASW
720543,KGWB
720575,KTYQ
720593,KOXI
720736,KRCR
720903,KDCY
720961,KGGP
721029,KPPO
724320,KEVV
724356,KGEZ
724363,KBAK
724365,KHNB
724373,KHUF
724375,KBMG
724380,KIND
724384,KEYE
724385,KAID
724386,KLAF
724387,KOKK
724388,KGSH
725327,KVPZ
725330,KFWA
725335,KGUS
725336,KMIE
725337,KGYY
725350,KSBN
725354,KEKM
726358,KMGC
744214,KMZZ
744660,KRZL
720338,KFSK
720417,K2K3
720421,KADT
720422,KCBK
720423,KEGT
720425,KHQG
720426,KIDP
720431,KLQR
720432,KMPR
720433,KNRN
720434,KOEL
720435,KPHG
720436,KPTS
720437,KSYF
720438,KTQK
720439,KULS
720781,KLYO
722005,KUKL
724468,KOJC
724475,KIXD
724500,KICT
724502,KWLD
724504,KAAO
724505,KIAB
724506,KHUT
724507,KCNU
724508,KLWC
724509,KEWK
724510,KDDC
724515,KGCK
724516,KLBL
724517,KGBD
724518,KHYS
724519,KCFV
724520,KP28
724550,KFRI
724555,KMHK
724556,KEMP
724560,KTOP
724565,KFOE
724580,KCNK
724585,KRSL
724586,KSLN
724604,KEHA
724650,KGLD
724655,KHLC
745430,KPTT
745431,KPPF
720353,K1A6
720379,KEKQ
720445,KAAS
720446,KBRY
720447,KCEY
720448,KDVK
720449,KDWU
720451,KEKX
720452,KFGX
720453,KHVC
720455,KI39
720456,KIOB
720457,KCPF
720458,KSJS
720464,KPBX
720465,KBYL
722322,KGLW
724190,KJKL
724210,KCVG
724220,KLEX
724230,KSDF
724233,KFFT
724235,KLOU
724237,KOWB
724238,KEHR
724240,KFTK
724243,KLOZ
724350,KPAH
724354,KSME
746710,KHOP
746716,KBWG
749077,KTWT
A06773,KI35
720346,KACP
720352,KCYD
720467,KBXA
720468,KOPL
720587,KIYA
720665,KGBK
720666,KSPR
720718,KMDJ
720719,KEHC
720721,KVBS
720722,KSCF
720739,KMNE
720913,KGHB
720914,KEIR
720916,KGRY
720918,KMIS
720925,KATP
720953,KVKY
720957,KXPY
720967,KHZR
721046,KREG
722041,KGAO
722248,KUXL
722251,KRSN
722253,KBQP
722294,K3L4
722308,K9F2
722310,KMSY
722312,KHDC
722314,KARA
722315,KNEW
722316,KNBG
722319,KIER
722320,KBTR
722329,KPTN
722330,KASD
722334,KDRI
722336,KBVE
722390,KPOE
722400,KLCH
722403,KP92
722404,KCWF
722405,KLFT
722406,KHUM
722480,KSHV
722484,KDTN
722485,KBAD
722486,KMLU
722487,KESF
722488,KTVR
722820,KAQV
722821,KBKB
747540,KAEX
997848,KAGI
722256,KGHG
725059,KBED
725060,KACK
725061,KFMH
725064,KPYM
725065,KEWB
725066,KMVY
725067,KHYA
725068,KTAN
725069,KCQX
725073,KPVC
725075,KAQW
725085,KORE
725088,KBVY
725090,KBOS
725098,KOWD
725100,KORH
725107,KFIT
744104,KPSF
744904,KLWM
744907,KMQE
744910,KCEF
744915,KBAF
720334,KGAI
720355,KCBE
720384,KW29
720699,KDMW
722081,KFDK
722158,KNAK
722158,KNAK
722218,KCGE
722244,KCGS
722823,KRSP
723980,KSBY
724040,KNHK
724043,KESN
724057,KAPG
724060,KBWI
724065,KFME
724066,KHGR
724067,KMTN
725514,KNUI
745940,KADW
745944,KDMH
745946,KOXB
720472,K8B0
726060,KPWM
726064,KSFM
726070,KBGR
726073,KWVL
726077,KBHB
726079,KRKD
726083,KFVE
726183,KIZG
726184,KLEW
726185,KAUG
726190,KGNR
726196,KMLT
727033,KHUL
727119,K40B
727120,KCAR
727130,KPQI
727135,KIWI
743920,KNHZ
720113,KVLL
720198,KP53
720275,KDUH
720284,KFPK
720321,KSLH
720340,KFKS
720371,KHAI
720375,KDRM
720415,KFFX
720629,KIKW
720902,KD95
722007,KCFS
722093,KGOV
722125,KHYX
722145,KMGN
722186,KSJX
722343,KLWA
722346,KRNP
725370,KDTW
725373,KONZ
725374,KARB
725375,KDET
725376,KYIP
725377,KMTC
725378,KOZW
725383,KIRS
725384,KPHN
725386,KP58
725387,KP59
725390,KLAN
725394,KBIV
725395,KJXN
725396,KBTL
725404,KADG
725405,KAMN
725406,KBAX
725407,KGLR
725408,KISQ
725409,KJYM
725414,KOEB
725415,KRMY
725416,KRQB
725417,KTEW
725418,KTTF
725424,KMOP
726284,KSAW
726350,KGRR
726355,KBEH
726357,KAZO
726360,KMKG
726364,KLDM
726370,KFNT
726375,KPTK
726379,KMBS
726380,KHTL
726384,KCAD
726385,KMBL
726387,KTVC
726390,KAPN
726394,KERY
726395,KOSC
726480,KESC
726487,KMNM
727340,KANJ
727344,KCIU
727347,KPLN
727417,KPZQ
727430,KMQT
727434,KCVX
727435,KMCD
727436,KACB
727437,KIMT
727440,KCMX
727445,KIWD
A07359,KY70
720258,KHZX
720283,KFKA
720367,KPEX
720368,KDVP
720386,KBDH
722003,KSYN
722006,KLYV
722032,KACQ
722033,KGDB
722114,KCFE
722129,KJKJ
722144,KMGG
722168,KOVL
722252,KCNB
722342,KTKC
726440,KRST
726466,KAQP
726544,KORB
726547,KGHW
726548,KRRT
726549,KCQM
726550,KSTC
726553,KMVE
726554,KJYG
726555,KBRD
726556,KRWF
726557,KAXN
726558,KCOQ
726559,KMML
726561,KADC
726562,KLVN
726563,KFBL
726564,KRGK
726565,KMOX
726566,KPQN
726567,KULM
726568,KOWA
726569,KHCD
726572,KFFM
726575,KMIC
726577,KANE
726578,KLXL
726579,KFCM
726580,KMSP
726583,KLJF
726584,KSTP
726585,KMKT
726586,KFRM
726587,KOTG
726588,KONA
726589,KAEL
726593,KMJQ
726596,KTOB
726603,KSGS
726679,KROS
726682,KPNM
727444,KTWM
727449,KMZH
727450,KDLH
727452,KCKN
727453,KPKD
727454,KCKC
727455,KHIB
727456,KDYT
727457,KDTL
727458,KGPZ
727459,KELO
727466,KDXX
727467,KFGN
727468,KFOZ
727469,KGNA
727470,KINL
727473,KCDD
727474,KEVM
727475,KJMR
727476,KBDE
727477,KROX
727478,KHCO
727486,KVWU
727497,KXVG
727503,KCBG
727504,KAIT
727505,KFSE
727506,KMWM
727507,KBBB
727508,KPWC
727514,KSAZ
727515,KVVV
727517,KGYL
727533,KETH
727550,KBJI
727555,KTVF
727556,KBFW
727566,KAUM
744667,KRYM
A07357,KY63
720169,KFYG
720306,KLXT
720331,KTKX
720475,KEVU
720476,KHAE
720477,KLBO
720478,KLRY
720479,KHFJ
720481,KMAW
720481,KMAW
720482,KMBY
720483,KMHL
720484,KMYJ
720487,KRAW
720488,KSIK
720489,KUUV
720616,KBBG
720636,KGLY
720869,KVER
720949,KH21
721045,KGPH
722367,KRCM
723290,KCGI
723300,KPOF
723484,KUNO
723495,KJLN
724340,KSTL
724345,KSUS
724347,KSET
724400,KSGF
724420,KVIH
724450,KCOU
724453,KDMO
724454,KFAM
724455,KIRK
724457,KTBN
724458,KJEF
724459,KAIZ
724460,KMCI
724463,KMKC
724464,KCDJ
724466,KGVW
724467,KSZL
724490,KSTJ
A51256,KFWB
720541,KUOX
720708,KNJW
720717,KDLP
720769,KSTF
720776,KLUL
720787,KJVW
720924,KCRX
720927,KCKM
720932,K1R7
720975,KSLJ
722138,KHSA
722165,KOLV
722340,KMEI
722344,KLMS
722345,KNMM
722348,KPIB
722349,KMJD
722350,KJAN
722354,KHKS
722355,KVKS
722357,KHEZ
722358,KMCB
722364,KUTA
723306,KCBM
723307,KGTR
723320,KTUP
725023,KRNV
746941,KM40
747570,KGPT
747580,KGWO
747590,KHBG
747680,KGLH
747686,KBIX
747688,KPQL
720759,KHRF
720994,K1AM
720995,K1BM
720996,K1CM
720997,K1DM
720998,K1EM
720999,K1FM
721001,K1GM
721002,K1HM
721003,K1IM
721004,K1JM
721005,K1KM
721006,K1LM
721007,K1MM
721008,K1NM
721009,K1OM
726676,KGDV
726764,KWYS
726770,KBIL
726776,KLWT
726777,KBHK
726797,KBZN
726798,KLVM
727680,KGGW
727684,KJDN
727686,KOLF
727687,KSDY
727690,KCTB
727700,KDLN
727720,KHLN
727730,KMSO
727740,KBTM
727750,KGTF
727755,KGFA
727770,KHVR
727790,KGPI
742300,KMLS
720274,KCPC
720277,KEHO
720279,KEYF
720282,KFFA
720288,KHNZ
720649,KIXA
720864,KETC
720968,K5W8
722073,KCTZ
722079,KEXX
722128,KIPJ
722131,KJNX
722132,KJQF
722141,KLHZ
722148,KVUJ
722177,KRHP
722191,KSUT
722193,KTDF
722198,KTNB
722201,KTTA
722243,KRCZ
723010,KHKY
723020,KILM
723030,KPOB
723034,KHFF
723035,KFAY
723037,KMRH
723046,KMQI
723055,KSVH
723060,KRDU
723062,KNBT
723062,KNBT
723065,KPGV
723066,KGSB
723067,KISO
723068,KRWI
723069,KOAJ
723070,KECG
723074,KEDE
723079,KASJ
723090,KNKT
723095,KEWN
723096,KNCA
723097,KNJM
723108,KLBT
723109,KMEB
723139,KHSE
723140,KCLT
723143,KSOP
723144,KFQD
723146,KGEV
723147,KAKH
723148,KMRN
723150,KAVL
723156,KRUQ
723165,KUKF
723170,KGSO
723174,KBUY
723177,KMWK
723193,KINT
723194,KEQY
723626,KONX
725294,KAFP
742077,KSIF
746925,KOCW
746929,KDPL
746930,KFBG
746935,KHBI
746936,KHRJ
746939,KIGX
746940,KGWW
A00003,K1A5
720491,KGWR
720737,K46D
720853,K06D
720854,K20U
720855,K2C8
720858,K9D7
720861,KD50
720863,KD60
720865,KGAF
720866,KHZE
720867,KRUG
720868,KS25
720871,KY19
720895,KD57
720909,K08D
720911,KBAC
720933,K7L2
722004,KBWP
722857,K96D
727530,KFAR
727535,KJMS
727570,KGFK
727573,KDVL
727575,KRDR
727584,KHEI
727630,KDIK
727640,KBIS
727670,KISN
727675,KMIB
727676,KMOT
727677,KN60
A07141,KS32
720308,KMLE
720405,KBTA
720846,K4V9
720942,KAHQ
720988,K1KW
722124,KHJH
722211,KTIF
722241,KLCG
722291,KPMV
723441,KBVN
725500,KOMA
725510,KLNK
725512,KJYR
725513,KAUH
725515,KBIE
725520,KGRI
725524,KODX
725525,KHSI
725526,KEAR
725527,KTQE
725533,KFNB
725540,KOFF
725541,KAFK
725555,KBBW
725556,KANW
725560,KOFK
725564,KFET
725565,KOLU
725566,KONL
725610,KSNY
725620,KLBF
725621,KOGA
725624,KLXN
725625,KMCK
725626,KIML
725628,KHDE
725635,KAIA
725636,KCDR
725637,KGRN
725660,KBFF
725665,KIBM
725670,KVTN
726050,KCON
726055,KPSM
726056,KDAW
726116,KLEB
726130,KMWN
726155,KLCI
726160,KBML
726163,KAFN
726164,KHIE
726165,KEEN
742078,K1P1
743945,KMHT
743946,KASH
720407,KMJX
720581,KLDJ
722247,KSMQ
724070,KACY
724074,KVAY
724075,KMIV
724077,K12N
724084,KBLM
724090,KNEL
724094,KCDW
724095,KTTN
724096,KWRI
724097,KMMU
725020,KEWR
725025,KTEB
740001,KFWN
745966,KWWD
720411,KAXX
720724,KBRG
720963,KM63
720976,KLSB
722676,KATS
722677,KCQC
722678,KRTN
722680,KROW
722683,KSRR
722686,KCVS
722687,KCNM
722688,KHOB
722689,KCVN
722693,KALM
722695,KLRU
722710,KTCS
722721,KSVC
722725,KDMN
723600,KCAO
723620,KONM
723625,KGNT
723627,KGUP
723640,KDNA
723647,KAEG
723650,KABQ
723654,KLAM
723656,KSAF
723658,KFMN
723663,KSKX
723676,KTCC
723677,KLVS
746380,K4MR
747320,KHMN
720129,KTMT
720549,KCXP
720551,KMEV
720741,KBVU
720839,KRTS
722096,KHND
723860,KLAS
723870,KDRA
724770,KP68
724846,KVGT
724855,KTPH
724856,KHTH
724860,KELY
724880,KRNO
724885,KNFL
725805,KLOL
725825,KEKO
725830,KWMC
725835,KBAM
725875,KOWY
746140,KLSV
746141,KINS
720553,KJRB
722098,KHTO
724988,KDSV
725014,KMTP
725015,KMGJ
725016,KHWV
725030,KLGA
725036,KPOU
725037,KHPN
725038,KSWF
725050,KISP
725053,KNYC
725145,KMSV
725146,KFZY
725150,KBGM
725155,KITH
725156,KELM
725157,KELZ
725180,KALB
725186,KOGS
725190,KSYR
725194,KPEO
725196,KRME
725220,KGFL
725235,KJHW
725280,KBUF
725283,KOLE
725287,KIAG
725290,KROC
726223,KMSS
726225,KPBG
726227,KART
726228,KSLK
743700,KGTB
744860,KJFK
744864,KFRG
744865,KFOK
744989,KDKK
744994,KSCH
720397,KUNI
720414,K4I3
720651,KMRT
720705,KI43
720709,KOWX
720713,KVES
720928,KDLZ
720944,KEDJ
722249,KMWO
724200,KMFD
724276,KMGY
724280,KCMH
724284,KTZR
724285,KLCK
724286,KZZV
724287,KTDZ
724288,KOSU
724290,KDAY
724294,KLHQ
724295,KSGH
724296,KILN
724297,KLUK
724298,KAOH
724303,KAKR
725208,KMNN
725210,KCAK
725214,KLPR
725216,KBJJ
725217,KHAO
725224,KPHD
725229,KVTA
725240,KCLE
725244,KLNN
725244,KLNN
725245,KBKL
725247,KCGF
725250,KYNG
725253,KPOV
725254,KDFI
725256,KHZY
725360,KTOL
725366,KFDY
745700,KFFO
A07086,KPCW
720255,KMIO
720342,KJWG
720354,KAXS
720356,KCLK
720357,KCUH
720358,KRQO
720359,KSRE
720558,KELK
720559,KHHW
720561,KOWP
720625,KBKN
720627,KGZL
720628,KRCE
722044,KADH
722051,KAQR
722052,KAVK
722071,KCHK
722078,KDUC
722091,KGCM
722092,KGMJ
722095,KGUY
722099,KCQB
722133,KJSV
722152,KWWR
722164,KOKM
722173,KPVJ
722178,KRKR
722187,KSNL
722199,KTQH
722368,KOJA
723520,KLTS
723525,KHBR
723526,KCSM
723528,KFDR
723530,KOKC
723535,KEND
723536,KWDG
723537,KGOK
723540,KTIK
723544,KPWA
723545,KSWO
723550,KFSI
723555,KADM
723556,KMKO
723560,KTUL
723564,KRVS
723565,KBVO
723566,KMLC
723570,KOUN
723575,KLAW
723759,K4O4
724530,KPNC
742513,KDUA
746410,KGAG
A00004,K1F0
720202,KTMK
720365,KBOK
720638,KBDN
720837,KJSY
725895,KLMT
725970,KMFR
725975,KSXT
725976,KLKV
725985,KBOK
726830,KBNO
726836,KSPB
726837,KONO
726875,KREO
726876,KGCD
726880,KPDT
726881,KMMV
726883,KHRI
726884,KLGD
726885,KMEH
726886,KBKE
726887,KS21
726904,KRBG
726917,KOTH
726920,KRDM
726930,KEUG
726940,KSLE
726945,KCVO
726950,KONP
726959,KUAO
726980,KPDX
726985,KTTD
726986,KHIO
727910,KAST
720304,KLOM
720324,KUKT
720378,KUCP
720408,KMQS
723990,KMDT
724080,KPHL
724085,KPNE
725103,KRDG
725104,KGKJ
725105,KSEG
725109,KPTW
725113,KDYL
725114,KTHV
725116,KLNS
725117,KAFJ
725118,KCXY
725119,KFIG
725124,KBTP
725125,KDUJ
725126,KAOO
725127,KJST
725128,KUNV
725130,KAVP
725140,KIPT
725144,KMUI
725170,KABE
725175,KIDI
725200,KPIT
725203,KRVL
725204,KBVI
725205,KAGC
725207,KLBE
725260,KERI
725266,KBFD
725267,KFKL
725434,KMPO
A00030,KVVS
785140,TJBQ
785260,TJSJ
785265,TJIG
785350,TJNR
722151,KWST
725054,KSFZ
725058,KBID
725070,KPVD
725074,KOQU
725079,KUUU
720120,KHXD
720596,KEOE
720597,KLUX
720598,KMKS
720599,KDCM
720601,KAIK
720602,KBNL
720603,KCDN
720604,KCKI
720605,KCQW
720606,KJZI
720607,KLKR
720608,KMAO
720609,KRBW
720611,KSMS
720612,KARW
720613,KHYW
720631,KBBP
720632,KDYB
720633,KHVS
720634,KFDW
720744,KLQK
722080,KCHS
722085,KNBC
722216,KXNO
723100,KCAE
723104,KCUB
723105,KMMT
723106,KFLO
723107,KMNI
723115,KOGB
723116,KUDG
723117,KUZA
723118,KCEU
723119,KGMU
723120,KGSP
723122,KGYH
723124,KGRD
723126,KSPA
723190,KAND
747900,KSSC
747910,KMYR
747915,KCRE
747917,KLRO
747918,KGGE
999999,SPA
720332,KVMR
720511,KBTN
720624,KMDS
726510,KFSD
726514,KCUT
726515,KBKX
726516,KPHP
726517,KIEN
726518,KICR
726519,K8D3
726525,KYKN
726530,K9V9
726539,KD07
726540,KHON
726545,KMHE
726546,KATY
726560,KPIR
726590,KABR
726605,KSPF
726620,KRAP
726625,KRCA
726627,K2WX
726685,KMBG
720168,KM04
720171,KM08
720775,KLUG
720907,KJAU
720974,KBGF
721031,KTHA
722781,KPHT
723240,KCHA
723249,KMRC
723250,KCSV
723260,KTYS
723264,KDKX
723270,KBNA
723271,KJWN
723273,KMQY
723274,KSRB
723280,KCKV
723284,KNQA
723340,KMEM
723346,KMKL
723347,KDYR
723350,KTRI
724270,KOQT
746720,KEOD
A00029,KUCY
720110,KAQO
720151,KE38
720261,KXBP
720269,KBKS
720271,KBPG
720273,KBYY
720276,KEBG
720286,KGDJ
720287,KGYI
720291,KHQZ
720295,KINJ
720296,KJAS
720298,KJSO
720299,KJWY
720303,KLHB
720305,KLUD
720311,KOSA
720313,KPPA
720314,KPSN
720315,KPYX
720316,KRBO
720318,KRPH
720320,KCPT
720323,KT82
720391,KBEA
720393,KHRX
720395,KPEZ
720404,KCWC
720542,KRYW
720577,KRFI
720578,KBKD
720579,KT89
720584,KAPY
720594,KMCJ
720617,KTME
720626,KBPC
720637,KAXH
720639,KDZB
720647,KLZZ
720648,KEDC
720659,KOZA
720668,KEMK
720669,KGUL
720725,KBBF
720727,KHQI
720729,KBQX
720732,KMZG
720742,KFTN
720771,KCOM
720779,KLXY
720806,K4F2
720917,KXIH
720926,KBMT
720943,KASL
720954,KHHV
720965,KDYS
721034,KT35
721043,KF44
721044,KF46
721048,KPRS
722008,KRAS
722042,KJDD
722094,KGPM
722107,KGNC
722112,KJXI
722113,KGYB
722122,KSNK
722143,KLNC
722159,KT65
722169,KPEQ
722174,KPVW
722192,KSWW
722202,KUVA
722209,KPKV
722214,KDUX
722231,KMNZ
722323,KGOP
722324,KMDD
722338,KHBV
722351,KARM
722362,KSLR
722363,KECU
722369,KTFP
722410,KBPT
722416,KBAZ
722420,KGLS
722427,KLVJ
722429,KDWH
722430,KIAH
722436,KEFD
722440,KHOU
722444,KCXO
722446,KLFK
722447,KUTS
722448,KTYR
722469,KCRS
722470,KGGG
722479,KGKY
722489,KTRL
722499,KOCH
722500,KBRO
722505,KHRL
722506,KMFE
722508,KPIL
722510,KCRP
722515,KNGP
722516,KNQI
722517,KALI
722518,KNOG
722520,KLRD
722523,KSSF
722524,KRKP
722526,KCOT
722527,KLBX
722530,KSAT
722533,KHDO
722535,KSKF
722536,KRND
722537,KERV
722539,KHYI
722540,KAUS
722541,KTKI
722542,KBMQ
722543,KSGR
722544,KATT
722547,KGTU
722550,KVCT
722552,KGLE
722555,KPSX
722560,KACT
722561,KCNW
722563,KPWG
722570,KHLR
722575,KILE
722576,KGRK
722577,KTPL
722580,KDAL
722587,KPRX
722588,KGVT
722589,KDTO
722590,KDFW
722593,KFWS
722594,KAFW
722595,KNFW
722597,KMWL
722598,KADS
722599,KRBD
722600,KSEP
722610,KDRT
722615,KDLF
722616,K6R6
722618,KFST
722620,KGDP
722630,KSJT
722637,KHHF
722640,KMRF
722648,KODO
722650,KMAF
722656,KINK
722660,KABI
722666,KBWD
722670,KLBB
722700,KELP
722704,KBIF
723510,KSPS
723513,KSHP
723628,KBBD
723629,KORG
723630,KAMA
723635,KBGD
723660,KCDS
723761,KRWV
724462,KDKR
727511,KNWL
747335,KSOA
747355,KMKN
747360,KDHT
747390,KFTW
747400,KJCT
747460,KCLL
999999,KNGW
A00002,K11R
A00008,K3T5
A00019,KF05
A05735,K0F2
720565,K36U
720567,KBMC
720568,KFOM
720569,KKNB
720572,KTVY
724700,KPUC
724733,KHVE
724750,KMLF
724754,KSGU
724755,KCDC
724756,KBCE
724776,KCNY
724796,KLGU
724797,KMLF
725705,KVEL
725720,KSLC
725724,KPVU
725750,KOGD
725753,KU16
725755,KHIF
725810,KENV
740030,KDPG
999999,KQCA
A00016,KBDG
A00018,KDTA
A00028,KU42
720278,KEMV
720285,KFYJ
720297,KJGG
720317,KRMN
720498,KFCI
720499,KPVG
720501,KXSA
720768,K0VG
720777,KLVL
722167,KOMH
722692,KHWY
723075,KNTU
723080,KORF
723083,KFKN
723084,KOFP
723085,KNGU
723086,KPHF
723087,KFAF
723098,KCJR
723114,KLKU
724006,KCPK
724007,KSFQ
724010,KRIC
724014,KPTB
724015,KBKT
724016,KCHO
724017,KFVX
724019,KAKQ
724020,KWAL
724026,KMFV
724030,KIAD
724033,KEZF
724035,KNYG
724036,KHEF
724037,KDAA
724050,KDCA
724053,KOKV
724055,KJYO
724056,KMKJ
724058,KVJI
724100,KLYH
724105,KSHD
724106,KDAN
724107,KHLX
724110,KROA
724113,KBCB
724115,KHSP
724116,KPSK
724117,KLNP
724118,KAVC
725172,KNFE
745980,KLFI
745985,KMTV
A06800,KJFZ
A06884,KLUA
785430,TIST
785510,TISX
720492,KCDA
720493,KEFK
720494,KFSO
725165,KRUT
726114,KMVL
726115,KVSF
726140,K1V4
726145,KMPV
726166,KDDH
726170,KBTV
720254,KCLS
720272,KBVS
720388,KPLU
720749,KNUW
722208,KORS
726988,KDLS
727810,KYKM
727815,KSMP
727825,KEAT
727827,KMWH
727845,KPSC
727846,KALW
727850,KGEG
727855,KSKA
727856,KSFF
727857,KPUW
727870,KDEW
727873,K63S
727883,KELN
727884,KRLD
727885,KCLM
727890,KOMK
727900,KEPH
727918,KVUO
727920,KOLM
727923,KHQM
727924,KKLS
727925,KSHN
727928,KPWT
727930,KSEA
727934,KRNT
727935,KBFI
727937,KPAE
727938,KTIW
727945,KAWO
727970,KUIL
727976,KBLI
727985,KFHR
742010,KNOW
742060,KTCM
742071,KGRF
999999,KSEW
A00026,KNRA
720327,KLUM
720343,KPCZ
720586,KPVB
720589,KEZS
720835,K4R5
720859,KBCK
720887,KD25
720929,KUBE
722059,KBUU
722179,KRNH
722183,KRZN
722332,KTKV
723123,KLNL
723758,KRCX
726400,KMKE
726404,KARV
726405,KMWC
726409,KUES
726410,KMSN
726413,KETB
726414,KEFT
726415,KJVL
726416,KLNR
726417,KMDZ
726418,KOEO
726419,KASX
726424,KRAC
726425,KSBM
726426,KSTE
726427,KSUW
726430,KLSE
726435,KEAU
726436,KVOK
726437,KCMY
726438,KOVS
726444,KPDC
726449,KRRL
726450,KGRB
726452,KISW
726455,KMTW
726456,KOSH
726457,KATW
726458,KSUE
726463,KAUW
726464,KRYV
726465,KCWA
726467,KRPD
726468,KPBH
726502,KCLI
726503,KDLL
726504,KEGV
726505,KENW
726506,KFLD
726507,KMRJ
726508,KHYR
726509,KUNU
726574,KMFI
726626,KAIG
727415,KRHI
A07056,KOCQ
A07354,KY50
A07355,KY51
720328,KW22
724120,KBKW
724125,KBLF
724127,KLWB
724140,KCRW
724170,KEKN
724175,KCKB
724176,KMGW
724177,KMRB
724250,KHTS
724273,KPKB
724275,KHLG
742079,K3I2
A00012,K48I
A00021,KI16
A00031,KW99
720345,KPNA
720516,KAFO
720517,KEMM
720518,KFBR
720519,KPOY
720521,KSAA
720522,KDUB
720619,KFEW
720684,KEAN
720747,KEHY
720971,KFWZ
721036,KTBX
722221,KDWX
725640,KCYS
725645,KLAR
725686,KDGW
725690,KCPR
725744,KRKS
725760,KLND
725763,KTOR
725775,KEVW
725776,KJAC
726650,KGCC
726654,KBYG
726660,KSHR
726664,KP60
726665,KWRL
726667,KGEY
726690,KRWL
726700,KCOD
726710,KBPI
726720,KRIW
