iata,icao
AIV,KAIV
ALX,KALX
ANB,KANB
ASN,KASN
AUO,KAUO
BFM,KBFM
BHM,KBHM
DCU,KDCU
DHN,KDHN
ETS,KEDN
EUF,KEUF
GAD,KGAD
GUF,KJKA
HAB,KHAB
HSV,KHSV
HUA,KHUA
MGM,KMGM
MOB,KMOB
MSL,KMSL
MVC,KMVC
MXF,KMXF
NHX,KNBJ
OZR,KOZR
PLR,KPLR
SEM,KSEM
TCL,KTCL
TOI,KTOI
ABL,PAFM
ADK,PADK
ADQ,PADQ
ADR,KPHH
AET,PFAL
AGN,PAGN
AIN,PAWI
AKB,PAAK
AKI,PFAK
AKK,PAKH
AKN,PAKN
AKP,PAKP
ANC,PANC
ANI,PANI
ANN,PANT
ANV,PANV
ARC,PARC
ATK,PATQ
ATU,PAAT
BET,PABE
BGQ,PAGQ
BIG,PABI
BKC,PABL
BMX,PABM
BRW,PABR
BTI,PABA
BTT,PABT
BVU,PABG
CDB,PACD
CDV,PACV
CEM,PACE
CIK,PACI
CLP,PFCL
CXF,PACX
CYF,PACK
CYT,PACY
CZF,PACZ
DLG,PADL
DRG,PADE
DUT,PADU
EAA,PAEG
EDF,PAED
EEK,PAEE
EGX,PAII
EHM,PAEH
EIL,PAEI
ELI,PFEL
ELV,PAEL
EMK,PAEM
ENA,PAEN
ENN,PANN
FAI,PAFA
FBK,PAFB
FNR,PANR
FRN,PAFR
FWL,PAFW
FYU,PFYU
GAL,PAGA
GAM,PAGM
GBH,PAGB
GKN,PAGK
GLV,PAGL
GMT,PAGZ
GST,PAGS
HCR,PAHC
HNH,PAOH
HNS,PAHN
HOM,PAHO
HPB,PAHP
HSL,PAHL
HUS,PAHU
HYG,PAHY
IAN,PAIK
IGG,PAIG
IKO,PAKO
ILI,PAIL
IRC,PACR
JNU,PAJN
KAE,PAFE
KAL,PAKV
KDK,PAKD
KFP,PAKF
KGK,PAJZ
KKA,PAKK
KKH,PADY
KLG,PALG
KLN,PALB
KLW,PAKW
KMO,PAMB
KNW,PANW
KOT,PFKO
KPC,PAPC
KPN,PAKI
KPV,PAPE
KSM,PASM
KTN,PAKT
KTS,PFKT
KUK,PFKA
KVC,PAVC
KVL,PAVL
KWK,PAGG
KWN,PAQH
KWT,PFKW
KYK,PAKY
KYU,PFKU
LKK,PAKL
LMA,PAMH
LNI,PALN
LUR,PALU
MCG,PAMC
MCL,PAIN
MDO,PAMD
MLL,PADM
MLY,PAML
MOU,PAMO
MRI,PAMR
MTM,PAMM
MTX,PABK
MXY,PAMX
MYU,PAMY
NCN,PFCB
NIB,PAFS
NLG,PAOU
NME,PAGT
NNL,PANO
NUI,PAQT
NUL,PANU
OBU,PAOB
OME,PAOM
OOK,PAOO
ORI,KORI
ORT,PAOR
ORV,PFNO
OTZ,PAOT
PAQ,PAAQ
PCA,PAOC
PHO,PAPO
PIP,PAPN
PIZ,PPIZ
PKA,PAPK
PML,PAAL
PPC,PAPR
PSG,PAPG
PTA,PALJ
PTD,PAAP
PTH,PAPH
PTU,PAPM
RBY,PARY
RDB,PADG
RSH,PARS
SCC,PASC
SCM,PACM
SDP,PASD
SGY,PAGY
SHG,PAGH
SHH,PASH
SHX,PAHX
SIT,PASI
SKK,PFSH
SKW,PASW
SLQ,PASL
SMK,PAMK
SMU,PASP
SNP,PASN
SOV,PASO
STG,PAPB
SVA,PASA
SVW,PASV
SWD,PAWD
SXQ,PASX
SYA,PASY
TAL,PATA
TKA,PATK
TKJ,PFTO
TLA,PATE
TLJ,PATL
TNC,PATC
TOG,PATG
UMM,PAST
UMT,PAUM
UNK,PAUN
UTO,PAIM
UUK,PAKU
VAK,PAVA
VDZ,PAVD
VEE,PAVE
WAA,PAIW
WBQ,PAWB
WCR,PALR
WLK,PASK
WMO,PAWM
WNA,PANA
WOW,PAUO
WRG,PAWG
WSF,PACS
WSN,PFWS
WTK,PAWN
WWA,PAWS
WWT,PAEW
YAK,PAYA
AVW,KAVQ
AZA,KIWA
BXK,KBXK
CFT,KCFT
CGZ,KCGZ
DGL,KDGL
DMA,KDMA
DUG,KDUG
DVT,KDVT
FHU,KFHU
FLG,KFLG
GCN,KGCN
GYR,KGYR
HII,KHII
IFP,KIFP
IGM,KIGM
INW,KINW
LGF,KLGF
LUF,KLUF
MSC,KFFZ
MZJ,KMZJ
OLS,KOLS
PGA,KPGA
PHX,KPHX
PJB,KPAN
PRC,KPRC
SAD,KSAD
SCF,KSDL
SDX,KSEZ
SJN,KSJN
SOW,KSOW
TUS,KTUS
TYZ,KTYL
YUM,KNYL
AGO,KAGO
ARG,KARG
AWM,KAWM
BVX,KBVX
BYH,KBYH
CDH,KCDH
CKK,KCVK
CRT,KCRT
ELD,KELD
FCY,KFCY
FLP,KFLP
FSM,KFSM
FYV,KFYV
HEE,KHEE
HKA,KHKA
HOT,KHOT
HRO,KHRO
JBR,KJBR
LIT,KLIT
LRF,KLRF
MPJ,KMPJ
MXA,KMXA
PBF,KPBF
PGR,KPGR
ROG,KROG
SGT,KSGT
SLG,KSLG
SPZ,KASG
SRC,KSRC
TXK,KTXK
WMH,KBPK
XNA,KXNA
ACV,KACV
AHC,KAHC
APC,KAPC
APV,KAPV
AUN,KAUN
AVX,KAVX
BAB,KBAB
BFL,KBFL
BIH,KBIH
BLH,KBLH
BLU,KBLU
BNG,KBNG
BUR,KBUR
BWC,KBWC
BYS,KBYS
CCB,KCCB
CCR,KCCR
CEC,KCEC
CIC,KCIC
CLD,KCRQ
CLR,KCLR
CNO,KCNO
CPM,KCPM
CRO,KCRO
CXL,KCXL
DAG,KDAG
EDW,KEDW
EED,KEED
EKA,KEKA
EMT,KEMT
FAT,KFAT
FCH,KFCH
FUL,KFUL
HAF,KHAF
HHR,KHHR
HLI,KCVH
HMT,KHMT
HWD,KHWD
IPL,KIPL
IYK,KIYK
KIC,KKIC
LAX,KLAX
LGB,KLGB
LPC,KLPC
LSN,KLSN
LVK,KLVK
MAE,KMAE
MCC,KMCC
MCE,KMCE
MER,KMER
MHR,KMHR
MHV,KMHV
MIT,KMIT
MMH,KMMH
MOD,KMOD
MRY,KMRY
MYF,KMYF
MYV,KMYV
NJK,KNJK
NKX,KNKX
NLC,KNLC
NOT,KDVO
NRC,KNRC
NRS,KNRS
NTD,KNTD
NUQ,KNUQ
NZY,KNZY
OAK,KOAK
OAR,KOAR
OCN,KOKB
ONT,KONT
OVE,KOVE
OXR,KOXR
PAO,KPAO
PMD,KPMD
POC,KPOC
PRB,KPRB
PSP,KPSP
PTV,KPTV
PVF,KPVF
RAL,KRAL
RBL,KRBL
RDD,KRDD
RHV,KRHV
RIR,KRIR
RIV,KRIV
RMY,KMPI
SAC,KSAC
SAN,KSAN
SAS,KSAS
SBA,KSBA
SBD,KSBD
SBP,KSBP
SCK,KSCK
SDM,KSDM
SEE,KSEE
SFO,KSFO
SIY,KSIY
SJC,KSJC
SMF,KSMF
SMO,KSMO
SMX,KSMX
SNA,KSNA
SNS,KSNS
SPA,KSPA
SQA,KIZA
SQL,KSQL
STS,KSTS
SUM,KSMS
SUU,KSUU
SVE,KSVE
SZN,KSZN
SZP,KSZP
TKF,KTRK
TLR,KTLR
TNP,KTNP
TOA,KTOA
TRM,KTRM
TSP,KTSP
TVL,KTVL
UDD,KUDD
UKI,KUKI
VBG,KVBG
VCV,KVCV
VIS,KVIS
VNY,KVNY
WHP,KWHP
WJF,KWJF
WLW,KWLW
WVI,KWVI
AFF,KAFF
AKO,KAKO
ALS,KALS
APA,KAPA
ASE,KASE
BFK,KBKF
BJC,KBJC
CEZ,KCEZ
CIG,KCAG
COS,KCOS
DEN,KDEN
DRO,KDRO
EGE,KEGE
FCS,KFCS
FNL,KFNL
GJT,KGJT
GUC,KGUC
GWS,KGWS
GXY,KGXY
HDN,KHDN
LAA,KLAA
LIC,KLIC
LXV,KLXV
MTJ,KMTJ
PGO,KPSO
PUB,KPUB
RIL,KRIL
SBS,KSBS
SLT,KANK
STK,KSTK
TAD,KTAD
TEX,KTEX
WBU,KBDU
BDL,KBDL
BDR,KBDR
DXR,KDXR
GON,KGON
HFD,KHFD
HVN,KHVN
OXC,KOXC
DOV,KDOV
GED,KGED
ILG,KILG
AAF,KAAF
APF,KAPF
AVO,KAVO
BCT,KBCT
BOW,KBOW
CDK,KCDK
CEW,KCEW
CLW,KCLW
COF,KCOF
COI,KCOI
CRG,KCRG
CTY,KCTY
DAB,KDAB
DSI,KDTS
ECP,KECP
EGI,KEGI
EYW,KEYW
FLL,KFLL
FMY,KFMY
FPR,KFPR
FXE,KFXE
GIF,KGIF
GNV,KGNV
HST,KHST
HWO,KHWO
IMM,KIMM
ISM,KISM
JAX,KJAX
LAL,KLAL
LCQ,KLCQ
LEE,KLEE
LNA,KLNA
MCF,KMCF
MCO,KMCO
MIA,KMIA
MLB,KMLB
MRK,KMKY
MTH,KMTH
NEN,KNEN
NIP,KNIP
NPA,KNPA
NQX,KNQX
NRB,KNRB
NSE,KNSE
NUN,KNUN
OBE,KOBE
OCF,KOCF
OPF,KOPF
ORL,KORL
PAM,KPAM
PBI,KPBI
PGD,KPGD
PHK,KPHK
PIE,KPIE
PNS,KPNS
PPM,KPMP
RSW,KRSW
SEF,KSEF
SFB,KSFB
SPG,KSPG
SRQ,KSRQ
SUA,KSUA
TIX,KTIX
TLH,KTLH
TMB,KTMB
TNT,KTNT
TPA,KTPA
TPF,KTPF
UST,KSGJ
VNC,KVNC
VPS,KVPS
VQQ,KVQQ
VRB,KVRB
ZPH,KZPH
ABY,KABY
AGS,KAGS
AHN,KAHN
ATL,KATL
AYS,KAYS
BGE,KBGE
BQK,KBQK
CSG,KCSG
DBN,KDBN
DNL,KDNL
DNN,KDNN
FTY,KFTY
GVL,KGVL
LGC,KLGC
LIY,KLHW
LSF,KLSF
LZU,KLZU
MAC,KMAC
MCN,KMCN
MGE,KMGE
MGR,KMGR
MLJ,KMLJ
MQW,KMQW
MUL,KMUL
PDK,KPDK
PIM,KPIM
RMG,KRMG
SAV,KSAV
SSI,KSSI
SVN,KSVN
SYV,KSYV
TBR,KTBR
TMA,KTMA
TOC,KTOC
TVI,KTVI
VAD,KVAD
VDI,KVDI
VLD,KVLD
WDR,KWDR
WRB,KWRB
BKH,PHBK
BSF,PHSF
FTI,NSFQ
HDH,PHDH
HHI,PHHI
HNL,PHNL
HNM,PHHN
ITO,PHTO
JHM,PHJH
JRF,PHJR
KOA,PHKO
LIH,PHLI
LNY,PHNY
LUP,PHLU
MDY,PMDY
MKK,PHMK
MUE,PHMU
NGF,PHNG
OGG,PHOG
PAK,PHPA
UPP,PHUP
BOI,KBOI
BYI,KBYI
CHL,KLLJ
COE,KCOE
GNG,KGNG
IDA,KIDA
IDH,KGIC
LWS,KLWS
MLD,KMLD
MUO,KMUO
MYL,KMYL
PIH,KPIH
RXE,KRXE
SMN,KSMN
SUN,KSUN
TWF,KTWF
ALN,KALN
AUZ,KARR
BLV,KBLV
BMI,KBMI
CIR,KCIR
CMI,KCMI
CPS,KCPS
DEC,KDEC
DNV,KDNV
DPA,KDPA
DVN,KDVN
ENL,KENL
EOK,KEOK
FEP,KFEP
GBG,KGBG
GRE,KGRE
HSB,KHSB
IJX,KIJX
IKK,KIKK
JOT,KJOT
LOT,KLOT
LWV,KLWV
MDH,KMDH
MDW,KMDW
MLI,KMLI
MQB,KMQB
MTO,KMTO
MVN,KMVN
MWA,KMWA
OLY,KOLY
ORD,KORD
PIA,KPIA
RFD,KRFD
SAR,KSAR
SLO,KSLO
SPI,KSPI
SQI,KSQI
UGN,KUGN
UIN,KUIN
VLA,KVLA
VYS,KVYS
AID,KAID
ANQ,KANQ
BFR,KBFR
BMG,KBMG
CEV,KCEV
CLU,KBAK
EKI,KEKM
EVV,KEVV
FRH,KFRH
FWA,KFWA
GBI,VOGB
GFD,KGFD
GSH,KGSH
GUS,KGUS
HLB,KHLB
HNB,KHNB
IND,KIND
LAF,KLAF
LPO,KPPO
MDN,KIMS
MGC,KMGC
MIE,KMIE
MZZ,KMZZ
OKK,KOKK
RCR,KRCR
RID,KRID
RNZ,KRZL
SBN,KSBN
SER,KSER
SIV,KSIV
SMD,KSMD
VPZ,KVPZ
AIO,KAIO
ALO,KALO
AMW,KAMW
AXG,KAXA
BNW,KBNW
BRL,KBRL
CBF,KCBF
CCY,KCCY
CID,KCID
CIN,KCIN
CSQ,KCSQ
CWI,KCWI
DBQ,KDBQ
DEH,KDEH
DNS,KDNS
DSM,KDSM
EBS,KEBS
EFW,KEFW
EST,KEST
FFL,KFFL
FMS,KFSW
FOD,KFOD
FXY,KFXY
HPT,KHPT
ICL,KICL
IDG,KIDG
IFA,KIFA
IOW,KIOW
LRJ,KLRJ
MCW,KMCW
MIW,KMIW
MPZ,KMPZ
MUT,KMUT
MXO,KMXO
OMA,KOMA
OOA,KOOA
OTM,KOTM
POH,KPOH
PRO,KPRO
SLB,KSLB
SPW,KSPW
SUX,KSUX
TNU,KTNU
ANY,KANY
BEC,KBEC
CBK,KCBK
CEA,KCEA
CFV,KCFV
CNK,KCNK
CNU,KCNU
DDC,KDDC
EDK,KEQA
EMP,KEMP
EWK,KEWK
FLV,KFLV
FOE,KFOE
FRI,KFRI
FSK,KFSK
GBD,KGBD
GCK,KGCK
GLD,KGLD
HLC,KHLC
HUT,KHUT
HYS,KHYS
IAB,KIAB
ICT,KICT
IDP,KIDP
JCI,KIXD
LBL,KLBL
LWC,KLWC
LYO,KLYO
MHK,KMHK
MPR,KMPR
OJC,KOJC
PPF,KPPF
PTS,KPTS
PTT,KPTT
RSL,KRSL
SLN,KSLN
TOP,KTOP
WLD,KWLD
BRY,KBRY
BWG,KBWG
CEY,KCEY
CVG,KCVG
EKX,KEKX
FFT,KFFT
FTK,KFTK
GLW,KGLW
HOP,KHOP
LEX,KLEX
LOU,KLOU
LOZ,KLOZ
OWB,KOWB
PAH,KPAH
PVL,KPBX
SDF,KSDF
SME,KSME
AEX,KAEX
ARA,KARA
BAD,KBAD
BTR,KBTR
BXA,KBXA
CWF,KCWF
DRI,KDRI
DTN,KDTN
ESF,KESF
HUM,KHUM
LCH,KLCH
LFT,KLFT
MLU,KMLU
MSY,KMSY
NBG,KNBG
NEW,KNEW
OPL,KOPL
POE,KPOE
PTN,KPTN
RSN,KRSN
SHV,KSHV
AUG,KAUG
BGR,KBGR
BHB,KBHB
CAR,KCAR
FRY,KIZG
HUL,KHUL
ISS,KIWI
LEW,KLEW
MLT,KMLT
NHZ,KBXM
OLD,KOLD
OWK,KOWK
PNN,KPNN
PQI,KPQI
PWM,KPWM
RKD,KRKD
SFM,KSFM
WFK,KFVE
WVL,KWVL
ADW,KADW
ANP,KANP
APG,KAPG
BWI,KBWI
CBE,KCBE
CGE,KCGE
CGS,KCGS
ESN,KESN
FDK,KFDK
FME,KFME
GAI,KGAI
HGR,KHGR
MTN,KMTN
NHK,KNHK
OCE,KOXB
SBY,KSBY
ACK,KACK
ARE,TJAB
BAF,KBAF
BED,KBED
BOS,KBOS
BQN,TJBQ
BVY,KBVY
CPX,TJCP
EWB,KEWB
FAJ,TJFA
FMH,KFMH
GBR,KGBR
GDM,KGDM
HYA,KHYA
LWM,KLWM
MAZ,TJMZ
MVY,KMVY
NRR,TJRV
ORH,KORH
OWD,KOWD
PSF,KPSF
PVC,KPVC
PYM,KPYM
VQS,TJVQ
ACB,KACB
ADG,KADG
AMN,KAMN
APN,KAPN
ARB,KARB
AZO,KAZO
BEH,KBEH
BTL,KBTL
CAD,KCAD
CIU,KCIU
CMX,KCMX
DRE,KDRM
DTW,KDTW
ESC,KESC
FNT,KFNT
GDW,KGDW
GLR,KGLR
GRR,KGRR
HAI,KHAI
HLM,KHLM
HTL,KHTL
IMT,KIMT
IRS,KIRS
ISQ,KISQ
IWD,KIWD
JXN,KJXN
LAN,KLAN
LDM,KLDM
MBL,KMBL
MBS,KMBS
MCD,KMCD
MKG,KMKG
MNM,KMNM
MOP,KMOP
MQT,KSAW
MTC,KMTC
OSC,KOSC
PHN,KPHN
PLN,KPLN
PTK,KPTK
RCT,KRCT
TVC,KTVC
TZC,KCFS
WBR,KRQB
AEL,KAEL
AUM,KAUM
AXN,KAXN
BBB,KBBB
BDE,KBDE
BJI,KBJI
BRD,KBRD
CKN,KCKN
DLH,KDLH
DTL,KDTL
EVM,KEVM
FBL,KFBL
FCM,KFCM
FFM,KFFM
FRM,KFRM
GPZ,KGPZ
GRM,KCKC
HIB,KHIB
ILL,KBDH
INL,KINL
LYU,KELO
MIC,KMIC
MJQ,KMJQ
MKT,KMKT
MML,KMML
MOX,KMOX
MSP,KMSP
MVE,KMVE
MWM,KMWM
NSL,KDVP
ONA,KONA
OTG,KOTG
OWA,KOWA
PKD,KPKD
ROX,KROX
RRT,KRRT
RST,KRST
RWF,KRWF
STC,KSTC
STP,KSTP
SYN,KSYN
TVF,KTVF
ULM,KULM
BIX,KBIX
CBM,KCBM
CKM,KCKM
CRX,KCRX
DXE,KMBO
GLH,KGLH
GPT,KGPT
GTR,KGTR
GWO,KGWO
HBG,KHBG
HEZ,KHEZ
HKS,KHKS
JAN,KJAN
LMS,KLMS
LUL,KLUL
MCB,KMCB
MEI,KMEI
MMS,KMMS
OLV,KOLV
OSX,KOSX
PGL,KPQL
PIB,KPIB
TUP,KTUP
UBS,KUBS
UOX,KUOX
UTM,KUTA
VKS,KVKS
AIZ,KAIZ
BKG,KBBG
BUM,KBUM
CGI,KCGI
COU,KCOU
DMO,KDMO
EOS,KEOS
FAM,KFAM
IRK,KIRK
JEF,KJEF
JLN,KJLN
KNK,PFKK
KNT,KTKX
MAW,KMAW
MBY,KMBY
MCI,KMCI
MHL,KMHL
MKC,KMKC
NVD,KNVD
PLK,KPLK
POF,KPOF
SGF,KSGF
SIK,KSIK
STJ,KSTJ
STL,KSTL
SUS,KSUS
SZL,KSZL
TBN,KTBN
TRX,KTRX
VIH,KVIH
BIL,KBIL
BTM,KBTM
BZN,KBZN
CTB,KCTB
DLN,KDLN
FCA,KGPI
GDV,KGDV
GGW,KGGW
GTF,KGTF
HLN,KHLN
HVR,KHVR
JDN,KJDN
LVM,KLVM
LWT,KLWT
MLS,KMLS
MSO,KMSO
OLF,KOLF
PWD,KPWD
RPX,KRPX
SBX,KSBX
SDY,KSDY
THM,KTHM
WYS,KWYS
AIA,KAIA
ANW,KANW
BBW,KBBW
BFF,KBFF
BIE,KBIE
BUB,KBUB
CDR,KCDR
EAR,KEAR
FBY,KFBY
FET,KFET
GRI,KGRI
GRN,KGRN
HDE,KHDE
HSI,KHSI
IML,KIML
LBF,KLBF
LNK,KLNK
LXN,KLXN
MCK,KMCK
MHN,KMHN
MIQ,KMLE
OFF,KOFF
OFK,KOFK
OGA,KOGA
OKS,KOKS
OLU,KOLU
ONL,KONL
SCB,KSCB
SNY,KSNY
VTN,KVTN
BAM,KBAM
BTY,KBTY
CSN,KCXP
DRA,KDRA
EKO,KEKO
ELY,KELY
FLX,KFLX
GAB,KGAB
HSH,KHND
HTH,KHTH
INS,KINS
LAS,KLAS
LOL,KLOL
LSV,KLSV
LWL,KLWL
MEV,KMEV
NFL,KNFL
RNO,KRNO
TPH,KTPH
UCC,KUCC
VGT,KVGT
WMC,KWMC
XSD,KTNX
AFN,KAFN
ASH,KASH
BML,KBML
CNH,KCNH
CON,KCON
EEN,KEEN
ERR,KERR
HIE,KHIE
LCI,KLCI
LEB,KLEB
MHT,KMHT
PSM,KPSM
ACY,KACY
BLM,KBLM
CDW,KCDW
EWR,KEWR
LDJ,KLDJ
LLY,KVAY
MIV,KMIV
MJX,KMJX
MMU,KMMU
NEL,KNEL
TEB,KTEB
TTN,KTTN
WRI,KWRI
WWD,KWWD
ABQ,KABQ
ALM,KALM
ATS,KATS
AXX,KAXX
CAO,KCAO
CNM,KCNM
CVN,KCVN
CVS,KCVS
DMN,KDMN
FMN,KFMN
FSU,KFSU
GNT,KGNT
GUP,KGUP
HMN,KHMN
HOB,KHOB
LAM,KLAM
LRU,KLRU
LSB,KLSB
LVS,KLVS
ONM,KONM
ROW,KROW
RTN,KRTN
RUI,KSRR
SAF,KSAF
SVC,KSVC
TCC,KTCC
TCS,KTCS
TSM,KSKX
WSD,KWSD
ALB,KALB
ART,KART
BGM,KBGM
BUF,KBUF
DKK,KDKK
DSV,KDSV
ELM,KELM
ELZ,KELZ
FOK,KFOK
FRG,KFRG
GFL,KGFL
HPN,KHPN
HTO,KHTO
IAG,KIAG
ISP,KISP
ITH,KITH
JFK,KJFK
JHW,KJHW
LGA,KLGA
LKP,KLKP
MGJ,KMGJ
MSS,KMSS
MSV,KMSV
MTP,KMTP
OGS,KOGS
OIC,KOIC
OLE,KOLE
PBG,KPBG
POU,KPOU
RME,KRME
ROC,KROC
SCH,KSCH
SLK,KSLK
SWF,KSWF
SYR,KSYR
WSH,KHWV
AVL,KAVL
CLT,KCLT
CTZ,KCTZ
ECG,KECG
EDE,KEDE
EWN,KEWN
FAY,KFAY
FBG,KFBG
FFA,KFFA
GSB,KGSB
GSO,KGSO
HFF,KHFF
HKY,KHKY
HNC,KHSE
IKB,KUKF
ILM,KILM
INT,KINT
ISO,KISO
LBT,KLBT
LFN,KLHZ
MEO,KMQI
MRN,KMRN
MXE,KMEB
OAJ,KOAJ
OCW,KOCW
PGV,KPGV
POB,KPOB
RDU,KRDU
RWI,KRWI
RZZ,KRZZ
SOP,KSOP
SRW,KRUQ
SVH,KSVH
USA,KJQF
ASY,KASY
BIS,KBIS
BWM,KBPP
DIK,KDIK
DVL,KDVL
FAR,KFAR
GFK,KGFK
ISN,KISN
JMS,KJMS
MIB,KMIB
MOT,KMOT
PMB,KPMB
RDR,KRDR
WAH,KBWP
XWA,KXWA
AKC,KAKR
AOH,KAOH
ATO,KUNI
AXV,KAXV
BJJ,KBJJ
BKL,KBKL
CAK,KCAK
CGF,KCGF
CLE,KCLE
CMH,KCMH
DAY,KDAY
DFI,KDFI
FDY,KFDY
FFO,KFFO
GQQ,KGQQ
HAO,KHAO
HTW,KHTW
ILN,KILN
JFN,KHZY
LCK,KLCK
LNN,KLNN
LUK,KLUK
MFD,KMFD
MGY,KMGY
MNN,KMNN
MWO,KMWO
OSU,KOSU
OXD,KOXD
PHD,KPHD
PMH,KPMH
SGH,KSGH
SKY,KSKY
TDZ,KTDZ
TOL,KTOL
YNG,KYNG
ZZV,KZZV
ADM,KADM
ADT,KADH
AXS,KAXS
BVO,KBVO
BWL,KBKN
CHK,KCHK
CKA,KCKA
CLK,KCLK
CSM,KCSM
CUH,KCUH
DUA,KDUA
DUC,KDUC
ELK,KELK
END,KEND
FDR,KFDR
FSI,KFSI
GAG,KGAG
GOK,KGOK
GUY,KGUY
HBR,KHBR
HUJ,KHHW
LAW,KLAW
LTS,KLTS
MIO,KMIO
MKO,KMKO
MLC,KMLC
OKC,KOKC
OKM,KOKM
OUN,KOUN
PNC,KPNC
PWA,KPWA
RKR,KRKR
RVS,KRVS
SNL,KSNL
SUD,KSUD
SWO,KSWO
TIK,KTIK
TUL,KTUL
WDG,KWDG
WWR,KWWR
AST,KAST
BKE,KBKE
BNO,KBNO
BOK,KBOK
CVO,KCVO
CZK,KCZK
DLS,KDLS
EUG,KEUG
HES,KHRI
HIO,KHIO
JDA,KGCD
LGD,KLGD
LKV,KLKV
LMT,KLMT
MFR,KMFR
ONO,KONO
ONP,KONP
OTH,KOTH
OTK,KTMK
PDT,KPDT
PDX,KPDX
PFC,KPFC
RBG,KRBG
RDM,KRDM
REO,KREO
SLE,KSLE
TTD,KTTD
ABE,KABE
AGC,KAGC
AOO,KAOO
AVP,KAVP
BBX,KLOM
BFD,KBFD
BFP,KBVI
BTP,KBTP
CTH,KMQS
DUJ,KDUJ
DYL,KDYL
ERI,KERI
FKL,KFKL
HAR,KCXY
HZL,KHZL
IDI,KIDI
IPT,KIPT
JST,KJST
LBE,KLBE
LHV,KLHV
LNS,KLNS
MDT,KMDT
MEJ,KGKJ
MPO,KMPO
MUI,KMUI
PHL,KPHL
PIT,KPIT
PNE,KPNE
PSB,KPSB
PTW,KPTW
RDG,KRDG
RED,KRVL
SCE,KUNV
SEG,KSEG
STQ,KOYM
THV,KTHV
UKT,KUKT
WAY,KWAY
WBW,KWBW
WSG,KAFJ
BID,KBID
NCO,KOQU
NPT,KUUU
PVD,KPVD
SFZ,KSFZ
WST,KWST
AIK,KAIK
AND,KAND
BFT,KARW
BNL,KBNL
BTN,KBBP
CAE,KCAE
CDN,KCDN
CEU,KCEU
CHS,KCHS
CRE,KCRE
CUB,KCUB
DLL,KDLC
FLO,KFLO
GDC,KGYH
GGE,KGGE
GMU,KGMU
GRD,KGRD
GSP,KGSP
HCW,KCQW
HHH,KHXD
HVS,KHVS
MMT,KMMT
MYR,KMYR
OGB,KOGB
RBW,KRBW
RKH,KUZA
SSC,KSSC
ABR,KABR
ATY,KATY
BKX,KBKX
FSD,KFSD
HON,KHON
LEM,KLEM
LQK,KLQK
MBG,KMBG
MHE,KMHE
PHP,KPHP
PIR,KPIR
RAP,KRAP
RCA,KRCA
SPF,KSPF
TTO,KBTN
XMD,KMDS
XPR,KIEN
YKN,KYKN
APT,KAPT
BNA,KBNA
CHA,KCHA
CKV,KCKV
CSV,KCSV
FYM,KFYM
GCY,KGCY
GHM,KGHM
GKT,KGKT
MEM,KMEM
MKL,KMKL
MMI,KMMI
MOR,KMOR
MQY,KMQY
MRC,KMRC
NQA,KNQA
PHT,KPHT
RKW,KRKW
RNC,KRNC
SYI,KSYI
THA,KTHA
TRI,KTRI
TYS,KTYS
UCY,KUCY
UOS,KUOS
ABI,KABI
ACT,KACT
ADS,KADS
AFW,KAFW
ALI,KALI
AMA,KAMA
ASL,KASL
AUS,KAUS
BBC,KBYY
BBD,KBBD
BGD,KBGD
BIF,KBIF
BKD,KBKD
BMT,KBMT
BPT,KBPT
BRO,KBRO
BWD,KBWD
CDS,KCDS
CFD,KCFD
CLL,KCLL
CNW,KCNW
COM,KCOM
COT,KCOT
CRP,KCRP
CRS,KCRS
CXO,KCXO
CZT,KCZT
DAL,KDAL
DFW,KDFW
DHT,KDHT
DLF,KDLF
DRT,KDRT
DWH,KDWH
DYS,KDYS
EFD,KEFD
ELA,KELA
ELP,KELP
ERV,KERV
ETN,KETN
FST,KFST
FTW,KFTW
FWH,KNFW
GGG,KGGG
GLE,KGLE
GLS,KGLS
GRK,KGRK
GVT,KGVT
HCA,KBPG
HLR,KHLR
HOU,KHOU
HPY,KHPY
HRL,KHRL
HTV,KUTS
IAH,KIAH
ILE,KILE
INK,KINK
IWS,KIWS
JAS,KJAS
JCT,KJCT
JKV,KJSO
KIP,KCWC
LBB,KLBB
LFK,KLFK
LJN,KLBX
LRD,KLRD
MAF,KMAF
MDD,KMDD
MFE,KMFE
MPS,KOSA
MRF,KMRF
MWL,KMWL
NGP,KNGP
NGW,KNGW
NQI,KNQI
OCH,KOCH
ONY,KONY
OZA,KOZA
PEQ,KPEQ
PNX,KGYI
PPA,KPPA
PRX,KPRX
PSN,KPSN
PSX,KPSX
PVW,KPVW
RBD,KRBD
RCK,KRCK
RFG,KRFG
RKP,KRKP
RND,KRND
SAT,KSAT
SEP,KSEP
SGR,KSGR
SJT,KSJT
SKF,KSKF
SLR,KSLR
SNK,KSNK
SPS,KSPS
SSF,KSSF
SWW,KSWW
TDW,KTDW
TPL,KTPL
TRL,KTRL
TYR,KTYR
UVA,KUVA
VCT,KVCT
VHN,KVHN
WEA,KWEA
WHT,KARM
BCE,KBCE
BDG,KBDG
BMC,KBMC
BTF,KBTF
CDC,KCDC
CNY,KCNY
DPG,KDPG
DTA,KDTA
ENV,KENV
FIL,KFOM
HIF,KHIF
HVE,KHVE
KNB,KKNB
LGU,KLGU
MLF,KMLF
OGD,KOGD
PUC,KPUC
PVU,KPVU
RIF,KRIF
SGU,KSGU
SLC,KSLC
VEL,KVEL
BTV,KBTV
EFK,KEFK
LLX,KCDA
MPV,KMPV
MVL,KMVL
RUT,KRUT
VSF,KVSF
APH,KAPH
BCB,KBCB
BKT,KBKT
CHO,KCHO
DAA,KDAA
DAN,KDAN
DCA,KDCA
DGN,KNDY
FAF,KFAF
FKN,KFKN
FRR,KFRR
GVE,KGVE
HSP,KHSP
IAD,KIAD
LFI,KLFI
LNP,KLNP
LOW,KLKU
LVL,KLVL
LYH,KLYH
MFV,KMFV
MNZ,KHEF
NGU,KNGU
NTU,KNTU
NYG,KNYG
ORF,KORF
PHF,KPHF
PSK,KPSK
PTB,KPTB
RIC,KRIC
ROA,KROA
SHD,KSHD
VJI,KVJI
WAL,KWAL
WGO,KOKV
ALW,KALW
BFI,KBFI
BLI,KBLI
CLM,KCLM
CLS,KCLS
EAT,KEAT
ELN,KELN
EPH,KEPH
ESD,KORS
ESW,KESW
FRD,KFHR
GEG,KGEG
GRF,KGRF
HQM,KHQM
KLS,KKLS
MVW,KBVS
MWH,KMWH
NUW,KNUW
ODW,KOKH
OLM,KOLM
OMK,KOMK
PAE,KPAE
PSC,KPSC
PUW,KPUW
PWT,KPWT
RLD,KRLD
RNT,KRNT
SEA,KSEA
SFF,KSFF
SHN,KSHN
SKA,KSKA
TCM,KTCM
TDO,KTDO
TIW,KTIW
UIL,KUIL
YKM,KYKM
BKW,KBKW
BLF,KBLF
CKB,KCKB
CRW,KCRW
EKN,KEKN
HLG,KHLG
HTS,KHTS
LWB,KLWB
MGW,KMGW
MRB,KMRB
PKB,KPKB
AHH,KAHH
ARV,KARV
ASX,KASX
ATW,KATW
AUW,KAUW
CLI,KCLI
CMY,KCMY
CWA,KCWA
EAU,KEAU
EGV,KEGV
ENW,KENW
ETB,KETB
FLD,KFLD
GRB,KGRB
GTG,KGTG
HYR,KHYR
ISW,KISW
JVL,KJVL
LNR,KLNR
LSE,KLSE
MDF,KMDZ
MFI,KMFI
MKE,KMKE
MSN,KMSN
MTW,KMTW
MWC,KMWC
OEO,KOEO
OSH,KOSH
PCD,KPDC
PKF,KPKF
RAC,KRAC
RHI,KRHI
RIE,KRPD
RNH,KRNH
RRL,KRRL
SBM,KSBM
STE,KSTE
SUE,KSUE
SUW,KSUW
UES,KUES
UNU,KUNU
VOK,KVOK
AFO,KAFO
BPI,KBPI
BYG,KBYG
COD,KCOD
CPR,KCPR
CYS,KCYS
DGW,KDGW
EAN,KEAN
ECS,KECS
EMM,KEMM
EVW,KEVW
FBR,KFBR
GCC,KGCC
GEY,KGEY
JAC,KJAC
LAR,KLAR
LND,KLND
LSK,KLSK
POY,KPOY
PWY,KPNA
RIW,KRIW
RKS,KRKS
RWL,KRWL
SAA,KSAA
SHR,KSHR
THP,KTHP
TOR,KTOR
WRL,KWRL
