iata,icao,noaa
BHM,KBHM,722280
DHN,KDHN,722268
HSV,KHSV,723230
MGM,KMGM,722260
MOB,KMOB,722230
ADK,PADK,704540
ADQ,PADQ,703500
AKN,PAKN,703260
ANC,PANC,702730
BET,PABE,702190
BRW,PABR,700260
CDV,PACV,702960
DLG,PADL,703210
DUT,PADU,704890
FAI,PAFA,702610
GST,PAGS,703670
JNU,PAJN,703810
KTN,PAKT,703950
OME,PAOM,702000
OTZ,PAOT,701330
PSG,PAPG,703860
SCC,PASC,700637
SIT,PASI,703710
WRG,PAWG,703870
YAK,PAYA,703610
AZA,KIWA,722786
FLG,KFLG,723750
PHX,KPHX,722780
PRC,KPRC,723723
TUS,KTUS,722740
YUM,KNYL,740035
FSM,KFSM,723440
LIT,KLIT,723403
TXK,KTXK,723418
XNA,KXNA,723436
ACV,KACV,725945
BFL,KBFL,723840
BUR,KBUR,722880
FAT,KFAT,723890
LAX,KLAX,722950
LGB,KLGB,722970
MMH,KMMH,723894
MRY,KMRY,724915
OAK,KOAK,724930
ONT,KONT,747040
PSP,KPSP,722868
RDD,KRDD,725920
SAN,KSAN,722900
SBA,KSBA,723925
SBP,KSBP,722897
SCK,KSCK,724920
SFO,KSFO,724940
SJC,KSJC,724945
SMF,KSMF,724839
SMX,KSMX,723940
SNA,KSNA,722977
STS,KSTS,724957
ASE,KASE,724676
COS,KCOS,724660
DEN,KDEN,725650
DRO,KDRO,724625
EGE,KEGE,724675
GJT,KGJT,724760
GUC,KGUC,724677
HDN,KHDN,725710
MTJ,KMTJ,724765
PUB,KPUB,724640
BDL,KBDL,725080
HVN,KHVN,725045
DAB,KDAB,747870
ECP,KECP,720735
EYW,KEYW,722010
FLL,KFLL,747830
GNV,KGNV,747560
JAX,KJAX,722060
MCO,KMCO,722050
MIA,KMIA,722020
MLB,KMLB,722040
PBI,KPBI,722030
PGD,KPGD,722034
PIE,KPIE,722116
PNS,KPNS,722223
RSW,KRSW,722108
SFB,KSFB,722057
SRQ,KSRQ,722115
TLH,KTLH,722140
TPA,KTPA,722110
VPS,KVPS,722210
ABY,KABY,722160
AGS,KAGS,722180
ATL,KATL,722190
BQK,KBQK,722136
CSG,KCSG,722255
SAV,KSAV,722070
VLD,KVLD,722166
HNL,PHNL,911820
ITO,PHTO,912850
JHM,PHJH,911904
KOA,PHKO,911975
LIH,PHLI,911650
LNY,PHNY,911905
MKK,PHMK,911860
OGG,PHOG,911900
BOI,KBOI,726810
IDA,KIDA,725785
LWS,KLWS,727830
PIH,KPIH,725780
SUN,KSUN,725865
TWF,KTWF,725866
BLV,KBLV,724338
BMI,KBMI,724397
CMI,KCMI,725315
MDW,KMDW,725340
MLI,KMLI,725440
ORD,KORD,725300
PIA,KPIA,725320
RFD,KRFD,725430
SPI,KSPI,724390
UIN,KUIN,724430
EVV,KEVV,724320
FWA,KFWA,725330
IND,KIND,724380
SBN,KSBN,725350
ALO,KALO,725480
CID,KCID,725450
DBQ,KDBQ,725470
DSM,KDSM,725460
OMA,KOMA,725500
SUX,KSUX,725570
GCK,KGCK,724515
HYS,KHYS,724518
ICT,KICT,724500
LBL,KLBL,724516
MHK,KMHK,724555
SLN,KSLN,724586
CVG,KCVG,724210
LEX,KLEX,724220
OWB,KOWB,724237
PAH,KPAH,724350
SDF,KSDF,724230
AEX,KAEX,747540
BTR,KBTR,722320
LCH,KLCH,722400
LFT,KLFT,722405
MLU,KMLU,722486
MSY,KMSY,722310
SHV,KSHV,722480
BGR,KBGR,726070
PQI,KPQI,727130
PWM,KPWM,726060
BWI,KBWI,724060
HGR,KHGR,724066
SBY,KSBY,723980
ACK,KACK,725060
BOS,KBOS,725090
BQN,TJBQ,785140
HYA,KHYA,725067
MVY,KMVY,725066
ORH,KORH,725100
APN,KAPN,726390
AZO,KAZO,726357
CIU,KCIU,727344
CMX,KCMX,727440
DTW,KDTW,725370
ESC,KESC,726480
FNT,KFNT,726370
GRR,KGRR,726350
IMT,KIMT,727437
LAN,KLAN,725390
MBS,KMBS,726379
MKG,KMKG,726360
MQT,KSAW,726284
PLN,KPLN,727347
TVC,KTVC,726387
BJI,KBJI,727550
BRD,KBRD,726555
DLH,KDLH,727450
HIB,KHIB,727455
INL,KINL,727470
MSP,KMSP,726580
RST,KRST,726440
STC,KSTC,726550
GPT,KGPT,747570
GTR,KGTR,723307
JAN,KJAN,722350
MEI,KMEI,722340
PIB,KPIB,722348
BKG,KBBG,720616
CGI,KCGI,723290
COU,KCOU,724450
JLN,KJLN,723495
MCI,KMCI,724460
SGF,KSGF,724400
STL,KSTL,724340
BIL,KBIL,726770
BTM,KBTM,727740
BZN,KBZN,726797
FCA,KGPI,727790
GTF,KGTF,727750
HLN,KHLN,727720
MSO,KMSO,727730
WYS,KWYS,726764
BFF,KBFF,725660
EAR,KEAR,725526
GRI,KGRI,725520
LBF,KLBF,725620
LNK,KLNK,725510
EKO,KEKO,725825
LAS,KLAS,723860
RNO,KRNO,724880
MHT,KMHT,743945
PSM,KPSM,726055
ACY,KACY,724070
EWR,KEWR,725020
TTN,KTTN,724095
ABQ,KABQ,723650
HOB,KHOB,722688
ROW,KROW,722680
SAF,KSAF,723656
ALB,KALB,725180
ART,KART,726227
BGM,KBGM,725150
BUF,KBUF,725280
ELM,KELM,725156
HPN,KHPN,725037
IAG,KIAG,725287
ISP,KISP,725050
ITH,KITH,725155
JFK,KJFK,744860
LGA,KLGA,725030
OGS,KOGS,725186
PBG,KPBG,726225
ROC,KROC,725290
SWF,KSWF,725038
SYR,KSYR,725190
AVL,KAVL,723150
CLT,KCLT,723140
EWN,KEWN,723095
FAY,KFAY,723035
GSO,KGSO,723170
ILM,KILM,723020
OAJ,KOAJ,723069
PGV,KPGV,723065
RDU,KRDU,723060
USA,KJQF,722132
BIS,KBIS,727640
DIK,KDIK,727630
DVL,KDVL,727573
FAR,KFAR,727530
GFK,KGFK,727570
ISN,KISN,727670
JMS,KJMS,727535
MOT,KMOT,727676
CAK,KCAK,725210
CLE,KCLE,725240
CMH,KCMH,724280
DAY,KDAY,724290
LCK,KLCK,724285
TOL,KTOL,725360
YNG,KYNG,725250
LAW,KLAW,723575
OKC,KOKC,723530
SWO,KSWO,723545
TUL,KTUL,723560
EUG,KEUG,726930
MFR,KMFR,725970
OTH,KOTH,726917
PDX,KPDX,726980
RDM,KRDM,726920
ABE,KABE,725170
AVP,KAVP,725130
ERI,KERI,725260
IPT,KIPT,725140
LBE,KLBE,725207
MDT,KMDT,723990
PHL,KPHL,724080
PIT,KPIT,725200
SCE,KUNV,725128
PVD,KPVD,725070
CAE,KCAE,723100
CHS,KCHS,722080
FLO,KFLO,723106
GSP,KGSP,723120
HHH,KHXD,720120
MYR,KMYR,747910
ABR,KABR,726590
FSD,KFSD,726510
RAP,KRAP,726620
BNA,KBNA,723270
CHA,KCHA,723240
MEM,KMEM,723340
TRI,KTRI,723350
TYS,KTYS,723260
ABI,KABI,722660
ACT,KACT,722560
AMA,KAMA,723630
AUS,KAUS,722540
BPT,KBPT,722410
BRO,KBRO,722500
CLL,KCLL,747460
CRP,KCRP,722510
DAL,KDAL,722580
DFW,KDFW,722590
DRT,KDRT,722610
ELP,KELP,722700
GGG,KGGG,722470
GRK,KGRK,722576
HOU,KHOU,722440
HRL,KHRL,722505
IAH,KIAH,722430
LBB,KLBB,722670
LRD,KLRD,722520
MAF,KMAF,722650
MFE,KMFE,722506
SAT,KSAT,722530
SJT,KSJT,722630
SPS,KSPS,723510
TYR,KTYR,722448
CDC,KCDC,724755
CNY,KCNY,724776
OGD,KOGD,725750
PVU,KPVU,725724
SGU,KSGU,724754
SLC,KSLC,725720
VEL,KVEL,725705
BTV,KBTV,726170
CHO,KCHO,724016
DCA,KDCA,724050
IAD,KIAD,724030
LYH,KLYH,724100
ORF,KORF,723080
PHF,KPHF,723086
RIC,KRIC,724010
ROA,KROA,724110
SHD,KSHD,724105
ALW,KALW,727846
BLI,KBLI,727976
EAT,KEAT,727825
GEG,KGEG,727850
PSC,KPSC,727845
PUW,KPUW,727857
SEA,KSEA,727930
YKM,KYKM,727810
CKB,KCKB,724175
CRW,KCRW,724140
HTS,KHTS,724250
LWB,KLWB,724127
ATW,KATW,726457
CWA,KCWA,726465
EAU,KEAU,726435
GRB,KGRB,726450
LSE,KLSE,726430
MKE,KMKE,726400
MSN,KMSN,726410
RHI,KRHI,727415
COD,KCOD,726700
CPR,KCPR,725690
CYS,KCYS,725640
GCC,KGCC,726650
JAC,KJAC,725776
LAR,KLAR,725645
RKS,KRKS,725744
